[
  {
    "AttendanceId": 1,
    "EventId": 2,
    "EventDate": "2025-01-30T00:00:00",
    "AttendedMembers": [
      1,
      2
    ]
  },
  {
    "AttendanceId": 2,
    "EventId": 3,
    "EventDate": "2025-01-30T08:20:11.255Z",
    "AttendedMembers": [
      1,
      3
    ]
  },
  {
    "AttendanceId": 3,
    "EventId": 2,
    "EventDate": "2025-01-30T09:18:26.683Z",
    "AttendedMembers": [
      1,
      2
    ]
  },
  {
    "AttendanceId": 4,
    "EventId": 4,
    "EventDate": "2025-01-30T09:34:16.467Z",
    "AttendedMembers": [
      1,
      3
    ]
  },
  {
    "AttendanceId": 5,
    "EventId": 2,
    "EventDate": "2025-01-30T10:01:03.8Z",
    "AttendedMembers": [
      2,
      3
    ]
  },
  {
    "AttendanceId": 6,
    "EventId": 3,
    "EventDate": "2025-01-30T11:00:00Z",
    "AttendedMembers": [
      1,
      2,
      3
    ]
  },
  {
    "AttendanceId": 7,
    "EventId": 5,
    "EventDate": "2025-01-31T11:06:15.48Z",
    "AttendedMembers": [
      1,
      3
    ]
  },
  {
    "AttendanceId": 8,
    "EventId": 6,
    "EventDate": "2025-01-31T11:28:32.612Z",
    "AttendedMembers": [
      1,
      2,
      3
    ]
  },
  {
    "AttendanceId": 9,
    "EventId": 7,
    "EventDate": "2025-01-31T12:00:00Z",
    "AttendedMembers": [
      2,
      3
    ]
  },
  {
    "AttendanceId": 10,
    "EventId": 8,
    "EventDate": "2025-02-01T09:00:00Z",
    "AttendedMembers": [
      1,
      2
    ]
  },
  {
    "AttendanceId": 11,
    "EventId": 9,
    "EventDate": "2025-02-01T10:30:12.211Z",
    "AttendedMembers": [
      1,
      3
    ]
  },
  {
    "AttendanceId": 12,
    "EventId": 10,
    "EventDate": "2025-02-01T12:45:32.8Z",
    "AttendedMembers": [
      1,
      2
    ]
  },
  {
    "AttendanceId": 13,
    "EventId": 11,
    "EventDate": "2025-02-01T14:05:50.452Z",
    "AttendedMembers": [
      3
    ]
  },
  {
    "AttendanceId": 14,
    "EventId": 12,
    "EventDate": "2025-02-02T00:00:00Z",
    "AttendedMembers": [
      1,
      2
    ]
  },
  {
    "AttendanceId": 15,
    "EventId": 13,
    "EventDate": "2025-02-02T03:30:00Z",
    "AttendedMembers": [
      2,
      3
    ]
  },
  {
    "AttendanceId": 16,
    "EventId": 2,
    "EventDate": "2025-02-02T11:58:47.969Z",
    "AttendedMembers": [
      1
    ]
  },
  {
    "AttendanceId": 17,
    "EventId": 4,
    "EventDate": "2025-02-03T06:29:10.047Z",
    "AttendedMembers": [
      7,
      8
    ]
  },
  {
    "AttendanceId": 18,
    "EventId": 12,
    "EventDate": "2025-02-03T06:29:51.019Z",
    "AttendedMembers": [
      7,
      8,
      9
    ]
  },
  {
    "AttendanceId": 19,
    "EventId": 6,
    "EventDate": "2025-02-03T06:30:16.589Z",
    "AttendedMembers": [
      7,
      8,
      9
    ]
  },
  {
    "AttendanceId": 20,
    "EventId": 4,
    "EventDate": "2025-02-03T09:26:52.79Z",
    "AttendedMembers": [
      4,
      5,
      6,
      8,
      9,
      11,
      15,
      14
    ]
  },
  {
    "AttendanceId": 21,
    "EventId": 9,
    "EventDate": "2025-02-03T09:37:22.287Z",
    "AttendedMembers": [
      4,
      5,
      6,
      15
    ]
  },
  {
    "AttendanceId": 22,
    "EventId": 9,
    "EventDate": "2025-02-03T09:42:59.531Z",
    "AttendedMembers": [
      2,
      4,
      6,
      7,
      8,
      10
    ]
  },
  {
    "AttendanceId": 23,
    "EventId": 14,
    "EventDate": "2025-02-03T09:43:14.103Z",
    "AttendedMembers": [
      15,
      16,
      17,
      14,
      13
    ]
  }
]