[
  {
    "MemberId": 2,
    "Name": "Alok Sharma",
    "Contact": "9876543221"
  },
  {
    "MemberId": 4,
    "Name": "Suraj Yadav",
    "Contact": "987678900"
  },
  {
    "MemberId": 5,
    "Name": "Ravi Kumar",
    "Contact": "9876543222"
  },
  {
    "MemberId": 6,
    "Name": "Sandeep Verma",
    "Contact": "7890789013"
  },
  {
    "MemberId": 7,
    "Name": "Anjali Sharma",
    "Contact": "9876543223"
  },
  {
    "MemberId": 8,
    "Name": "Vishal Gupta",
    "Contact": "7890789014"
  },
  {
    "MemberId": 9,
    "Name": "Priya Verma",
    "Contact": "9876543224"
  },
  {
    "MemberId": 10,
    "Name": "Ravi Singh",
    "Contact": "8900789012"
  },
  {
    "MemberId": 11,
    "Name": "Neha Verma",
    "Contact": "9876543225"
  },
  {
    "MemberId": 12,
    "Name": "Amit Gupta",
    "Contact": "7890789015"
  },
  {
    "MemberId": 13,
    "Name": "Suman Yadav",
    "Contact": "9876543226"
  },
  {
    "MemberId": 14,
    "Name": "Ravi Kumar",
    "Contact": "8900789013"
  },
  {
    "MemberId": 15,
    "Name": "Rani Sharma",
    "Contact": "9876543227"
  },
  {
    "MemberId": 16,
    "Name": "Sandesh Sharma",
    "Contact": "123456789"
  },
  {
    "MemberId": 17,
    "Name": "Ajit ",
    "Contact": "123456789"
  }
]